<?xml version="1.0" encoding="UTF-8"?>
<project-private xmlns="http://www.netbeans.org/ns/project-private/1">
    <editor-bookmarks xmlns="http://www.netbeans.org/ns/editor-bookmarks/2" lastBookmarkId="0"/>
    <open-files xmlns="http://www.netbeans.org/ns/projectui-open-files/2">
        <group>
            <file>file:/C:/Users/tmcginn/Documents/Curr%20Devel/MOOC/NetBeansProjects/Lesson5/SystemController/src/systemcontroller/SystemControlMIDlet.java</file>
            <file>file:/C:/Users/tmcginn/Documents/Curr%20Devel/MOOC/NetBeansProjects/Lesson5/SystemController/src/systemcontroller/ControllerProgressListener.java</file>
            <file>file:/C:/Users/tmcginn/Documents/Curr%20Devel/MOOC/NetBeansProjects/Lesson5/SystemController/src/systemcontroller/ControllerTaskListener.java</file>
        </group>
    </open-files>
</project-private>
