<?xml version="1.0" encoding="UTF-8"?>
<project-private xmlns="http://www.netbeans.org/ns/project-private/1">
    <editor-bookmarks xmlns="http://www.netbeans.org/ns/editor-bookmarks/2" lastBookmarkId="0"/>
    <open-files xmlns="http://www.netbeans.org/ns/projectui-open-files/2">
        <group name="MOOC">
            <file>file:/C:/Users/simonri/MOOC/NEW%20MOOC/MOOC-src/GPSDataIMC/src/gpsdata/GPSReaderMIDlet.java</file>
            <file>file:/C:/Users/simonri/MOOC/NEW%20MOOC/MOOC-src/GPSDataIMC/src/filepersistdata/FilePersistService.java</file>
            <file>file:/C:/Users/simonri/MOOC/NEW%20MOOC/MOOC-src/GPSDataIMC/src/intermidletserver/Service.java</file>
            <file>file:/C:/Users/simonri/MOOC/NEW%20MOOC/MOOC-src/GPSDataIMC/src/rmspersistdata/RMSPersistService.java</file>
            <file>file:/C:/Users/simonri/MOOC/NEW%20MOOC/MOOC-src/GPSDataIMC/src/gpsdata/ServiceClient.java</file>
        </group>
        <group>
            <file>file:/C:/Users/tmcginn/Documents/Curr%20Devel/MOOC/NetBeansProjects/Lesson5/GPSDataIMC/src/rmspersistdata/RMSPersistService.java</file>
            <file>file:/C:/Users/tmcginn/Documents/Curr%20Devel/MOOC/NetBeansProjects/Lesson5/GPSDataIMC/src/rmspersistdata/RMSPersistMIDlet.java</file>
            <file>file:/C:/Users/tmcginn/Documents/Curr%20Devel/MOOC/NetBeansProjects/Lesson5/GPSDataIMC/src/rmsreader/ReaderMidlet.java</file>
            <file>file:/C:/Users/tmcginn/Documents/Curr%20Devel/MOOC/NetBeansProjects/Lesson5/GPSDataIMC/src/gpsdata/GPSReaderMIDlet.java</file>
            <file>file:/C:/Users/tmcginn/Documents/Curr%20Devel/MOOC/NetBeansProjects/Lesson5/GPSDataIMC/src/gpsdata/ServiceClient.java</file>
            <file>file:/C:/Users/tmcginn/Documents/Curr%20Devel/MOOC/NetBeansProjects/Lesson5/GPSDataIMC/src/intermidletserver/Service.java</file>
            <file>file:/C:/Users/tmcginn/Documents/Curr%20Devel/MOOC/NetBeansProjects/Lesson5/GPSDataIMC/src/filepersistdata/FilePersistService.java</file>
            <file>file:/C:/Users/tmcginn/Documents/Curr%20Devel/MOOC/NetBeansProjects/Lesson5/GPSDataIMC/src/gpsdata/sensor/AdaFruitGPSSensor.java</file>
        </group>
    </open-files>
</project-private>
